WAV File,Transcription,Lenguage,Gender,age
uk5_chunk_58.wav,кажу не кляте зовсім Ані небом бо воно престол Божий,UK,MALE,32
uk11_chunk_26.wav,від днів вже Івана Хрестителя й досі Царство небесне,UK,MALE,32
uk11_chunk_52.wav,до мене усі struny Та обтяжені я вас заспокоюю,UK,MALE,32
uk1_chunk_54.wav,породить і назвуть йому ймення,UK,MALE,32
uk9_chunk_54.wav,до них каже чи ж вірите Ви що я можу вчинити оце,UK,MALE,32
uk12_chunk_48.wav,та пограбувати добро його якщо перше,UK,MALE,32
uk4_chunk_33.wav,із того часу Ісус розпочав проповідувати і про,UK,MALE,32
uk5_chunk_79.wav,ва,UK,MALE,32
uk12_chunk_47.wav,то настало для вас Царство Боже або як то,UK,MALE,32
uk2_chunk_24.wav,з Марією його матір'ю і вони впали ниць,UK,MALE,32
uk4_chunk_45.wav,і ходив він по всій Галілео по їхніх синагога навчаючи,UK,MALE,32
uk9_chunk_7.wav,чого думаєте ви лукавих в серцях своїх що легше,UK,MALE,32
uk10_chunk_59.wav,перед небесним Отцем,UK,MALE,32
uk2_chunk_5.wav,і прибули Поклонись йому і як зачувши,UK,MALE,32
uk2_chunk_14.wav,тоді Ірод покликав таємно отих мудреців,UK,MALE,32
uk12_chunk_57.wav,дерево з плоду роди зміїний Як ви можете мовити добре,UK,MALE,32
uk7_chunk_37.wav,річки і Буря знялася і надійно той кинулась Та не впав,UK,MALE,32
uk11_chunk_24.wav,по правді кажу вам міжнародними від жінок не було,UK,MALE,32
uk7_chunk_23.wav,а всередині хижі вовки по їхніх плодах ви пізнаєте їх,UK,MALE,32
uk6_chunk_34.wav,іде злодії до них не підкоряються бо де скарб твій,UK,MALE,32
uk12_chunk_88.wav,брат і сестра,UK,MALE,32
uk10_chunk_23.wav,як недостойний він буде то мир ваш нехай до вас вернеться А як,UK,MALE,32
uk1_chunk_61.wav,а він дав йому імення,UK,MALE,32
uk8_chunk_69.wav,то стали благати щоб пішов собі з їхнього,UK,MALE,32
uk6_chunk_26.wav,А як постити то не будьте сумні як хотіли це міри вони,UK,MALE,32
uk8_chunk_37.wav,я піду за тобою хоч би Куди ти пішов,UK,MALE,32
uk9_chunk_25.wav,Іванові учні та й кажуть чому пости,UK,MALE,32
uk8_chunk_17.wav,зробить почувши таке Ісус здивувався і про,UK,MALE,32
uk1_chunk_35.wav,а всіх поколінь від Авраама аж до Давида,UK,MALE,32
uk4_chunk_51.wav,він їх у здоровля і багато людей ішло за ним,UK,MALE,32
uk8_chunk_42.wav,перший піти та батька свого по,UK,MALE,32
uk10_chunk_10.wav,иуда искариот що й видав,UK,MALE,32
uk6_chunk_49.wav,Дніпро одяг чого ви клопоти погляньте на польові лілеї як,UK,MALE,32
uk3_chunk_31.wav,бо так годиться нам виповнити усю,UK,MALE,32
uk12_chunk_63.wav,тоді дехто із книжки озвались до нього,UK,MALE,32
uk2_chunk_52.wav,і він встав узяв дитятко та матір його і пройшов,UK,MALE,32
uk9_chunk_45.wav,відійти бо не вмерла дівча але спить і,UK,MALE,32
uk10_chunk_55.wav,отож не лякайтесь бо варт ніші ви,UK,MALE,32
uk12_chunk_25.wav,їх,UK,MALE,32
uk4_chunk_7.wav,а він відповів і промовив написано не хлібом,UK,MALE,32
uk12_chunk_59.wav,з доброго скарбу добре виносить а Лукава людина за скарби,UK,MALE,32
uk8_chunk_58.wav,кричати говорячи що тобі си,UK,MALE,32
uk11_chunk_3.wav,він звідти пішов щоб учити і по їхніх містах,UK,MALE,32
uk10_chunk_18.wav,робітник,UK,MALE,32
uk12_chunk_67.wav,та ознаки йому не дадуть окрім ознаки пророка,UK,MALE,32
uk7_chunk_21.wav,і мало таких що знаходять,UK,MALE,32
uk11_chunk_15.wav,а вбогім,UK,MALE,32
uk5_chunk_55.wav,той доводить її до перелюбу і хто з відпущений вибере,UK,MALE,32
uk8_chunk_26.wav,До побачення тещу його що лежала в гарячці і він,UK,MALE,32
uk8_chunk_10.wav,благати зачав його кажучи Господи,UK,MALE,32
uk8_chunk_66.wav,пастухи що в,UK,MALE,32
uk5_chunk_8.wav,Блаженні чисті серцем бо вони будуть бачити Бога,UK,MALE,32
uk2_chunk_11.wav,написано так і ці вифлееме земле юдина,UK,MALE,32
uk4_chunk_9.wav,диявол його в святе місто і ставить його,UK,MALE,32
uk4_chunk_17.wav,славу Та й каже до нього,UK,MALE,32
uk3_chunk_28.wav,перешкоджав Він йому і говорив я повинен хре,UK,MALE,32
uk5_chunk_26.wav,із Закону не минеться аж поки не збудеться все хто ж порушить,UK,MALE,32
uk7_chunk_12.wav,шукає знаходить А хто стукає відчиняють йому чи ж,UK,MALE,32
uk6_chunk_50.wav,не працюють Ані не прийдуть А я вам кажу що і сам,UK,MALE,32
uk11_chunk_53.wav,Візьміть на себе ярмо моє і навчіться від мене,UK,MALE,32
uk2_chunk_50.wav,візьми дитятко та матір його Та йди в землю,UK,MALE,32
uk2_chunk_15.wav,докладно випиту їх про час коли з'явилась Зоря,UK,MALE,32
uk10_chunk_32.wav,на свідчення гімн і поганим А коли видаватимуть вас,UK,MALE,32
uk11_chunk_44.wav,то лишився б він був по сьогоднішній день але кажу вам що,UK,MALE,32
uk11_chunk_28.wav,усі бо пророки і закон до Івана про віщують коли ж хочете знати,UK,MALE,32
uk9_chunk_42.wav,твоя Віра спасла тебе і одужала,UK,MALE,32
uk2_chunk_57.wav,оселився у місті на ім'я Назарет щоб з,UK,MALE,32
uk10_chunk_67.wav,слідом той мене недостойний хто душу свою зберігає,UK,MALE,32
uk6_chunk_41.wav,не можете Богові служити і ма,UK,MALE,32
uk8_chunk_8.wav,Мойсей заповів їм на свідоцтво а коли він,UK,MALE,32
uk5_chunk_66.wav,забрати сорочку твою віддай плаща йому а хто силу,UK,MALE,32
uk8_chunk_46.wav,і коли він до човна вступив за ним увійшли його учні,UK,MALE,32
uk8_chunk_45.wav,і застав мертвим ховати мерців своїх,UK,MALE,32
uk9_chunk_8.wav,сказати прощаються тобі гріхи чи сказати Уставай та й ходи,UK,MALE,32
uk5_chunk_13.wav,порода бо ваша велика на небесах бо так гнали й пророків що були,UK,MALE,32
uk9_chunk_26.wav,А учні твої не пустять Ісус же промовив до них,UK,MALE,32
uk5_chunk_69.wav,А хто хоче позичити в тебе не відверте,UK,MALE,32
uk4_chunk_38.wav,він каже до них Ідіть за мною я зроблю вас хлоп,UK,MALE,32
uk8_chunk_27.wav,вернувся руки її і гарячка покинула ту і встала вона,UK,MALE,32
uk9_chunk_2.wav,прибув І ото принесли до нього розслабленого,UK,MALE,32
uk1_chunk_41.wav,хто перш ніж зійшлися,UK,MALE,32
uk9_chunk_46.wav,з нього а коли народ випровадини,UK,MALE,32
uk6_chunk_27.wav,змінюють обличчя свої щоб бачили люди що постять вони по,UK,MALE,32
uk8_chunk_4.wav,простяг руку і доторкнувся до нього говорячи,UK,MALE,32
uk3_chunk_24.wav,своїй має він віє,UK,MALE,32
uk1_chunk_42.wav,виявилося що вона має в утробі від Духа Святого,UK,MALE,32
uk2_chunk_0.wav,розділ,UK,MALE,32
uk4_chunk_49.wav,водили до нього недужих усіх хто терпів на різні хвороби та,UK,MALE,32
uk5_chunk_12.wav,ради мене радійте та веселіться,UK,MALE,32
uk10_chunk_35.wav,вся вашого вас промовляти і видасть на смерть брата брат,UK,MALE,32
uk4_chunk_26.wav,що сказав,UK,MALE,32
uk2_chunk_3.wav,Єрусалиму за сходу і питали,UK,MALE,32
uk7_chunk_32.wav,ім'ям твоїм пророкували хіба не ім'ям твоїм демонів ми виганяли,UK,MALE,32
uk8_chunk_50.wav,а він відповів їм чого,UK,MALE,32
uk9_chunk_1.wav,і сівши до човна він переплив і до міста свого,UK,MALE,32
uk1_chunk_11.wav,салмон же породив,UK,MALE,32
uk1_chunk_52.wav,роком від Господа який проїжджає,UK,MALE,32
uk12_chunk_42.wav,промовив до них кожне царство поділене супроти себе запустіть,UK,MALE,32
uk6_chunk_2.wav,А як ні то не матимете нагороди від Отця вашого що на небі,UK,MALE,32
uk1_chunk_44.wav,послати її хотів та й кома відпустити,UK,MALE,32
uk10_chunk_70.wav,тож приймає мене приймає того хто послав мене Хто прий,UK,MALE,32
uk1_chunk_2.wav,книга родоводу Ісуса Христа,UK,MALE,32
uk12_chunk_14.wav,чоловік що мав суху руку і щоб,UK,MALE,32
uk4_chunk_5.wav,сказав Коли ти син бо,UK,MALE,32
uk12_chunk_87.wav,браття мої бо хто волю мого отця що на небі чинити той,UK,MALE,32
uk11_chunk_12.wav,стають чистими прока,UK,MALE,32
uk5_chunk_71.wav,А я вам кажу Любіть ворогів своїх благословляйте тих,UK,MALE,32
uk8_chunk_29.wav,багатьох існувати до нього і він словом своїм,UK,MALE,32
uk2_chunk_30.wav,як вони ж відійшли ось Ангел господній з'явився,UK,MALE,32
uk3_chunk_10.wav,йорданська Околиця,UK,MALE,32
uk3_chunk_8.wav,Ремінний на стегнах своїх а пожива для нього була,UK,MALE,32
uk5_chunk_47.wav,перелюб у серці своїм,UK,MALE,32
uk10_chunk_11.wav,цих 12 Ісус вислав І їм наказав промовляючи,UK,MALE,32
uk9_chunk_60.wav,про нього по всій ті,UK,MALE,32
uk2_chunk_29.wav,іншим шляхом до своєї землі,UK,MALE,32
uk8_chunk_43.wav,а Ісус йому каже,UK,MALE,32
uk5_chunk_50.wav,Як правиця твоя спокушає тебе ВіДі,UK,MALE,32
uk9_chunk_73.wav,щоб нажми своє він робітників,UK,MALE,32
uk12_chunk_23.wav,погубити а Ісус розігнавши пі,UK,MALE,32
uk9_chunk_19.wav,з ним та з його учнями як побачили ште фарисеї,UK,MALE,32
uk10_chunk_63.wav,невістку з свекрухою її і вороги чоловікові,UK,MALE,32
uk5_chunk_73.wav,Хто вас переслідує щоб вам бути синами отця вашого що на небі,UK,MALE,32
uk11_chunk_10.wav,сліпі,UK,MALE,32
uk12_chunk_19.wav,тому можна чинити доброю,UK,MALE,32
uk4_chunk_8.wav,але кожним словом що походить із уст Божих тоді,UK,MALE,32
uk5_chunk_25.wav,доки небо й земля не минеться Ані йота єдина Ані жоден зна,UK,MALE,32
uk12_chunk_31.wav,скачати і на вулицях чути не буде ніхто його голосу,UK,MALE,32
uk12_chunk_6.wav,був Давид коли сам зголодніли як він увійшов до,UK,MALE,32
uk12_chunk_4.wav,роблять те чого не годиться робити в суботу,UK,MALE,32
uk5_chunk_64.wav,А я вам кажу не проти злому і коли вдарить,UK,MALE,32
uk6_chunk_47.wav,чи ж ви не набагато вартість за них хто ж із вас,UK,MALE,32
uk5_chunk_1.wav,і побачивши натовп він вийшов на гору А,UK,MALE,32
uk8_chunk_21.wav,із авраамом Ісаака сини ж царства,UK,MALE,32
uk3_chunk_16.wav,плід покаяння і не думайте говорити в собі ми маємо,UK,MALE,32
uk2_chunk_54.wav,замість ірода батька свого,UK,MALE,32
uk12_chunk_7.wav,додому і Спожив хліби по казні яких їсти не можна було ні йому,UK,MALE,32
uk5_chunk_77.wav,і коли ви літа тільки братів своїх то що ж особливого робите,UK,MALE,32
uk5_chunk_48.wav,праве око твоє спокушає тебе його вибери і кинь від себе,UK,MALE,32
uk1_chunk_31.wav,вже породив елеазар але Азар породив,UK,MALE,32
uk8_chunk_52.wav,і тиша велика на,UK,MALE,32
uk11_chunk_39.wav,гори тобі все їду бо коли б то в тирі й ци доні,UK,MALE,32
uk1_chunk_40.wav,коли його матір Марію заручена з йоси,UK,MALE,32
uk1_chunk_58.wav,як прокинувся ж Йосип заснув То зробив як звелів,UK,MALE,32
uk2_chunk_46.wav,Рахиль плаче за дітьми своїми і не дається,UK,MALE,32
uk9_chunk_5.wav,про себе він кого,UK,MALE,32
uk9_chunk_50.wav,ішли за ним два сліпці Що кричали і казали,UK,MALE,32
uk11_chunk_51.wav,Я не знаю ніхто окрім сина такому син захоче відкрити,UK,MALE,32
uk6_chunk_45.wav,а від одягу тіло погляньте на птахів небесних що,UK,MALE,32
uk5_chunk_6.wav,Блаженні Голодні та справні Правди бо вони нагодовані,UK,MALE,32
uk8_chunk_6.wav,своєю прокази і говорить до нього Ісус,UK,MALE,32
uk5_chunk_21.wav,отак ваше світло нехай світить перед людьми щоб вони бачили ваші доб,UK,MALE,32
uk7_chunk_44.wav,книжники,UK,MALE,32
uk3_chunk_36.wav,і ось голос почувся із неба Це син мій,UK,MALE,32
uk7_chunk_25.wav,родить добрі плоди кожне дерево добре а дерево зле,UK,MALE,32
uk6_chunk_58.wav,отож не журіться про завтрашній день бо завтра за себе само,UK,MALE,32
uk10_chunk_41.wav,учень не більший за,UK,MALE,32
uk6_chunk_48.wav,коли журиться зможе додати до зросту свого бодай ліктя одного,UK,MALE,32
uk6_chunk_16.wav,бо знає отець ваш чого Потребуєте ще раніше за ваше прохання,UK,MALE,32
uk2_chunk_4.wav,де народжений цар юдейський бо на сході Ми бачили Зорю,UK,MALE,32
uk10_chunk_53.wav,чи не два горобці продаються за гріш А на землю із них ні один,UK,MALE,32
uk10_chunk_44.wav,араб Як господар,UK,MALE,32
uk11_chunk_21.wav,може бачити пророка так кажу вам,UK,MALE,32
uk9_chunk_27.wav,хіба можуть гості весільні сумувати поки з ними ще є молодий,UK,MALE,32
uk3_chunk_23.wav,він хрестити вас святим духом і вогнем,UK,MALE,32
uk9_chunk_24.wav,праведних але грішників до покаяння тоді приступили до нього,UK,MALE,32
uk5_chunk_32.wav,Коли праведність ваша не буде рясніє як,UK,MALE,32
uk6_chunk_19.wav,буде воля Твоя як на небі так і на землі Хліб,UK,MALE,32
uk2_chunk_47.wav,розважити себе бо немає,UK,MALE,32
uk4_chunk_43.wav,і покликав він їх Вони зараз залишили човна,UK,MALE,32
uk12_chunk_68.wav,як Йона перебував усередині китової три дні і три,UK,MALE,32
uk1_chunk_53.wav,ось Діва в утробі zanna і,UK,MALE,32
uk11_chunk_35.wav,він приятель митників і грішників і виправдала мудрість,UK,MALE,32
uk3_chunk_22.wav,потужні від мене Я недостойний понести взуття,UK,MALE,32
uk1_chunk_19.wav,а,UK,MALE,32
uk8_chunk_54.wav,Хто ж це такий що вітри та море слухняні,UK,MALE,32
uk11_chunk_34.wav,син людський що їсть і п'є Вони ж кажуть чоловік ось ла,UK,MALE,32
uk8_chunk_19.wav,навіть серед Ізраїля Я не знайшов був такої великої віри Кажу ж,UK,MALE,32
uk3_chunk_37.wav,що його я вподобав,UK,MALE,32
uk1_chunk_21.wav,мене Сія спорудив амоса амос,UK,MALE,32
uk6_chunk_20.wav,дай нам сьогодні І прости нам довги наші,UK,MALE,32
uk1_chunk_18.wav,Яремче породив озеро ж породив,UK,MALE,32
uk7_chunk_26.wav,не може родити добре дерево плоду лихого а,UK,MALE,32
uk10_chunk_61.wav,я не мир принести прийшов а Меча я ж прийшов,UK,MALE,32
uk5_chunk_49.wav,Бо краще тобі щоб загинув один із твоїх членів аніж до гієни все,UK,MALE,32
uk10_chunk_5.wav,що Петром розвивається і Андрій брат Його,UK,MALE,32
uk10_chunk_26.wav,по правді кажу,UK,MALE,32
uk3_chunk_14.wav,хто промовив до них роди Зміїний,UK,MALE,32
uk10_chunk_64.wav,хто більш як мене любить батька чи матір,UK,MALE,32
uk3_chunk_17.wav,Авраама кажу бо я вам що Бог може,UK,MALE,32
uk6_chunk_4.wav,та вулицях щоб хвалили їх люди по прав,UK,MALE,32
uk7_chunk_15.wav,потрапити добрі Дари своїм дітям давати Скільки ж більше отець,UK,MALE,32
uk10_chunk_43.wav,доволі для учня коли буде він як учитель,UK,MALE,32
uk10_chunk_12.wav,на путь до поган не ходіть і до самарянку міста не входе,UK,MALE,32
uk1_chunk_24.wav,хотів його за вавилонського переселення або ва,UK,MALE,32
uk10_chunk_71.wav,пророка як проро,UK,MALE,32
uk1_chunk_14.wav,Давид вже породив Соломона від Урі,UK,MALE,32
uk10_chunk_60.wav,Не думайте що я прийшов щоб мир на землю принести,UK,MALE,32
uk8_chunk_48.wav,він спав і кинулись учні і збуди його,UK,MALE,32
uk6_chunk_17.wav,ви ж моліться отак Отче наш що єси на небесах,UK,MALE,32
uk3_chunk_4.wav,нього Сказав був ісая Пророк промовляючи,UK,MALE,32
uk10_chunk_74.wav,холодної поправді кажу,UK,MALE,32
uk8_chunk_59.wav,прийшов ти сюди передчасно,UK,MALE,32
uk11_chunk_13.wav,і чують глу,UK,MALE,32
uk8_chunk_3.wav,коли Господи хочеш Ти можеш очистити мене,UK,MALE,32
uk2_chunk_22.wav,де дитятко було а бачивши зорю вони надзвичайно,UK,MALE,32
uk11_chunk_20.wav,адже ж ті хто носить м'яке по палатах царських по що ж,UK,MALE,32
uk12_chunk_0.wav,розділ 12,UK,MALE,32
uk3_chunk_5.wav,голос того хто кличе в пустині готуйте,UK,MALE,32
uk9_chunk_35.wav,цієї померли Та прийди Поклади свою руку на неї,UK,MALE,32
uk12_chunk_5.wav,а він відповів їм чи ж ви не читали що зроби,UK,MALE,32
uk1_chunk_13.wav,породив есей породив царя,UK,MALE,32
uk3_chunk_18.wav,дітей аврамович цього каміння бо вже до коріння,UK,MALE,32
uk9_chunk_3.wav,як побачив Ісус їхню віру сказав,UK,MALE,32
uk12_chunk_37.wav,його так що німий став говорити Та бачити,UK,MALE,32
uk9_chunk_13.wav,Слави в Бога що людям він дав таку,UK,MALE,32
uk2_chunk_39.wav,спостерігав тоді Ірод що ті мудреці,UK,MALE,32
uk5_chunk_60.wav,він місто царя Великого не клянись головою своєю бо,UK,MALE,32
uk11_chunk_16.wav,і Блаженний хто через мене спокуси не,UK,MALE,32
uk8_chunk_20.wav,що багато хто прийдуть від сходу та заходу і засяють у царстві небесні,UK,MALE,32
uk6_chunk_29.wav,намастити щоб ти просто свого не ви,UK,MALE,32
uk12_chunk_10.wav,А я вам кажу що тут більший як храм коли б знали,UK,MALE,32
uk3_chunk_32.wav,тоді допустив він його,UK,MALE,32
uk10_chunk_2.wav,над нечистими духами щоб їх виганяли Вони щоб,UK,MALE,32
uk5_chunk_28.wav,той буде найменшим у царстві небеснім А хто виконає та й,UK,MALE,32
uk9_chunk_55.wav,говорять до нього вони Господи,UK,MALE,32
uk9_chunk_28.wav,коли прийдуть ті дні коли заберуть молодого від них тоді й пости,UK,MALE,32
uk10_chunk_29.wav,Яковець між вовки будьте ж мудрі як змії і невинні як,UK,MALE,32
uk2_chunk_33.wav,кажу тобі бо дитятка шукатиме Ірод щоб його погубити,UK,MALE,32
uk6_chunk_46.wav,сіють не жнуть не збирають у Клуні та проте ваш Небесний отець,UK,MALE,32
uk12_chunk_76.wav,тоді він говорить вернуся додому свого звідки вийшов а як,UK,MALE,32
uk6_chunk_40.wav,а другого буде любити або буде триматися одного а другого,UK,MALE,32
uk3_chunk_11.wav,іврит C йордані хрестили світ нього і визнавали,UK,MALE,32
uk12_chunk_58.wav,бо чим серце наповнене те говорять уста добра людина,UK,MALE,32
uk9_chunk_48.wav,вістка про це розійшлася по всій,UK,MALE,32
uk4_chunk_0.wav,розділ четвертий,UK,MALE,32
uk1_chunk_56.wav,що в перекладі є,UK,MALE,32
uk12_chunk_74.wav,більший аніж Соломон А коли дух нечистий виходить із людини,UK,MALE,32
uk8_chunk_56.wav,два біснуватий що вийшли з могильних печер дуже,UK,MALE,32
uk8_chunk_30.wav,а недужих усіх у здорових щоб справдилося,UK,MALE,32
uk4_chunk_29.wav,морській дорозі Галілея поганка,UK,MALE,32
uk2_chunk_49.wav,пісні Йосипович та й промовив уставай,UK,MALE,32
uk12_chunk_54.wav,скаже проти Духа Святого не проститься того йому Ані в цім V,UK,MALE,32
uk11_chunk_55.wav,бо ж ярмо моє любе а тягар мій Лег,UK,MALE,32
uk2_chunk_35.wav,та й пішов до Єгипту і він там зостався,UK,MALE,32
uk10_chunk_45.wav,коли Вельзевул,UK,MALE,32
uk9_chunk_49.wav,коли ж Ісус звідти вертався,UK,MALE,32
uk6_chunk_14.wav,А як молитися не показуйте зайвого як ті погани бо думають,UK,MALE,32
uk5_chunk_68.wav,хто просить у тебе то,UK,MALE,32
uk11_chunk_50.wav,мені все мій отець і сина не знає ніхто крім отця,UK,MALE,32
uk4_chunk_46.wav,та Євангеліє царства,UK,MALE,32
uk4_chunk_24.wav,у галілею і покинувши він назарета прийшов,UK,MALE,32
uk4_chunk_1.wav,потому Ісус був проведений духом у пустиню щоб дия,UK,MALE,32
uk6_chunk_56.wav,ваш Небесний щоб всього того вам потрібно шукайте ж най,UK,MALE,32
uk6_chunk_43.wav,Не журіться про життя своє Що будете їсти Та що будете пити,UK,MALE,32
uk1_chunk_45.wav,коли ж він те подумав ось з'явився йому,UK,MALE,32
uk5_chunk_46.wav,не чини перелюбу А я вам кажу що кожен хто на жінку поди,UK,MALE,32
uk4_chunk_41.wav,Заведи мого сина Якова та Івана,UK,MALE,32
uk9_chunk_36.wav,Івана оживе і підвівся Ісус і пішов услід,UK,MALE,32
uk7_chunk_16.wav,Небесний подасть добра тим хто проситиме в нього тож усе чого тільки,UK,MALE,32
uk2_chunk_13.wav,вождь щоб бути Він пасти народ мій Ізраїль,UK,MALE,32
uk1_chunk_39.wav,народження Ісуса Христа сталося,UK,MALE,32
uk5_chunk_37.wav,Рока підпадає Верховному судові А хто скаже,UK,MALE,32
uk6_chunk_30.wav,людям а оцей своєму щоб тайні і отець твій,UK,MALE,32
uk9_chunk_66.wav,князя демонів і обходив Ісус всі міста,UK,MALE,32
uk12_chunk_17.wav,між вами людина яка одну мавши вівцю не піде по неї,UK,MALE,32
uk5_chunk_31.wav,кажу бо я,UK,MALE,32
uk5_chunk_2.wav,підійшли його учні до нього і відкривши уста свої,UK,MALE,32
uk2_chunk_20.wav,Зоря що на сході вони її бачили ішла,UK,MALE,32
uk6_chunk_42.wav,через те вам,UK,MALE,32
uk2_chunk_1.wav,коли ж народився Ісус у віфлеємі юдейській,UK,MALE,32
uk9_chunk_56.wav,тоді він доторкнувся до їхніх очей і сказав нехай станеться,UK,MALE,32
uk2_chunk_9.wav,запитував у них де має Христос народитись вони,UK,MALE,32
uk11_chunk_43.wav,відбулися ті чуда що в тобі ста,UK,MALE,32
uk11_chunk_42.wav,ніж вам А ти капернаум що до неба піднісся,UK,MALE,32
uk9_chunk_30.wav,дірка стане ще гірше і не вливають вина молодо,UK,MALE,32
uk7_chunk_34.wav,беззаконня ото,UK,MALE,32
uk9_chunk_23.wav,Що то є милості хочу а не жертви бо я не прийшов,UK,MALE,32
uk9_chunk_41.wav,Ісус обернувшись побачив її та й сказав,UK,MALE,32
uk2_chunk_44.wav,промовляючи чути голос у рамі,UK,MALE,32
uk10_chunk_39.wav,Почекайте до іншого поправді кажу вам не встиг,UK,MALE,32
uk9_chunk_53.wav,і коли він додому прийшов приступили до нього сліпці,UK,MALE,32
uk10_chunk_68.wav,той погубить її хто ж за мене погубить душу свою,UK,MALE,32
uk5_chunk_30.wav,той стане великим у царстві небе,UK,MALE,32
uk1_chunk_43.wav,Йосип муж її бувши праведний і не бажа,UK,MALE,32
uk9_chunk_12.wav,у свій дім анатол Побачивши це,UK,MALE,32
uk1_chunk_34.wav,Ісус званий Христос,UK,MALE,32
uk5_chunk_62.wav,так так ні ні А що більше на це,UK,MALE,32
uk8_chunk_49.wav,рятує гине,UK,MALE,32
uk4_chunk_19.wav,тоді каже до нього Ісус Відійди сатану,UK,MALE,32
uk9_chunk_21.wav,а він це почув та й сказав,UK,MALE,32
uk10_chunk_66.wav,мене недостойний і хто не візьме свого хреста і не піде,UK,MALE,32
uk2_chunk_21.wav,одними аж прийшла і стала зверху,UK,MALE,32
uk12_chunk_3.wav,побачили ж це фарисеї та й кажуть йому,UK,MALE,32
uk8_chunk_53.wav,А народ дивувався і Каза,UK,MALE,32
uk1_chunk_50.wav,Ісус бо спасе він людей своїх від їхніх,UK,MALE,32
uk9_chunk_14.wav,Коли Ісус звідти проходи,UK,MALE,32
uk3_chunk_6.wav,Господа рівня стежки йому,UK,MALE,32
uk12_chunk_84.wav,а він відповів тому хто йому говорив і сказав,UK,MALE,32
uk2_chunk_34.wav,він устав узяв дитятко та матір його вночі,UK,MALE,32
uk10_chunk_75.wav,той не згуби нагороди,UK,MALE,32
uk12_chunk_36.wav,тоді привели до нього німого сліпця що був біснуватий,UK,MALE,32
uk6_chunk_18.wav,нехай святиться ім'я твоє нехай прийде царство твоє нехай,UK,MALE,32
uk3_chunk_13.wav,що приходять на Хрещення,UK,MALE,32
uk6_chunk_55.wav,бо усього того погане шукають але,UK,MALE,32
uk10_chunk_38.wav,А коли будуть вас переслідувати,UK,MALE,32
uk3_chunk_26.wav,тоді прибуває Ісус із Галілео пона,UK,MALE,32
uk12_chunk_51.wav,тому-то кажу вам усякий гріх навіть Бого,UK,MALE,32
uk10_chunk_40.wav,увійти міст Ізраїлю як прийде син людський,UK,MALE,32
uk5_chunk_67.wav,буде відбутись з ним навіть дві,UK,MALE,32
uk3_chunk_12.wav,гріхи свої як побачив ж він багатьох,UK,MALE,32
uk5_chunk_7.wav,Блаженні милосердні,UK,MALE,32
uk8_chunk_5.wav,хочу будь чистий і тієї хвилини,UK,MALE,32
uk1_chunk_57.wav,з нами,UK,MALE,32
uk8_chunk_11.wav,і тяжко страждає він,UK,MALE,32
uk4_chunk_32.wav,засяяло світло,UK,MALE,32
uk1_chunk_27.wav,зорове vija породив awy iuda а Віють,UK,MALE,32
uk1_chunk_1.wav,розділ перший,UK,MALE,32
uk9_chunk_62.wav,існувати як демон був вигнаний,UK,MALE,32
uk6_chunk_35.wav,буде й серце твоє око то світильник для тіла,UK,MALE,32
uk7_chunk_31.wav,багато хто скажуть мені того дня Господи Господи хінкалі,UK,MALE,32
uk10_chunk_31.wav,своїх биу вас будуть і до правителів та до царів поведу,UK,MALE,32
uk4_chunk_28.wav,і невдалий мова земле за йорданом,UK,MALE,32
uk9_chunk_40.wav,коли хочеш доторкнутися одежі його то оду,UK,MALE,32
uk10_chunk_51.wav,але бійтеся більше того хто може й душу і тіло,UK,MALE,32
uk5_chunk_0.wav,розділ,UK,MALE,32
uk3_chunk_29.wav,від тебе І чи тобі йти до мене,UK,MALE,32
uk9_chunk_52.wav,сину,UK,MALE,32
uk10_chunk_14.wav,Царство небесне,UK,MALE,32
uk11_chunk_0.wav,розділ 11,UK,MALE,32
uk2_chunk_56.wav,пішов до країв Галілей а Прибувши,UK,MALE,32
uk1_chunk_3.wav,сина дави,UK,MALE,32
uk5_chunk_63.wav,то ти від лукавого ви чули що сказано Око за око і,UK,MALE,32
uk5_chunk_65.wav,в праву щоку твою підстав йому і другу А хто хоче тебе,UK,MALE,32
uk6_chunk_38.wav,коли світло щоб тобі є темрява то яка ж то велика та темрява,UK,MALE,32
uk4_chunk_23.wav,як довідався Ісус що Івана ув'язнено перейшов,UK,MALE,32
uk12_chunk_69.wav,так переводить три дні та три ночі і син людський у серці землі,UK,MALE,32
uk8_chunk_57.wav,так що ніхто не міг переходити тією дорогою і ось вони,UK,MALE,32
uk9_chunk_18.wav,ой зійшлося багато митників і грішників і вони,UK,MALE,32
uk7_chunk_0.wav,розділ,UK,MALE,32
uk10_chunk_47.wav,але не лякайтеся їх немає нічого заховано що воно не відкри,UK,MALE,32
uk8_chunk_0.wav,розділ,UK,MALE,32
uk12_chunk_29.wav,душа моя вкладу свого Духа в нього і він,UK,MALE,32
uk12_chunk_16.wav,чим заробляти годиться в суботу а він їм сказав чи,UK,MALE,32
uk2_chunk_31.wav,Йосипович та й сказав уставай,UK,MALE,32
uk6_chunk_13.wav,що бачить таємне віддасть тобі я,UK,MALE,32
uk7_chunk_3.wav,вам і чого в оці брата свого ти за скалку бачиш,UK,MALE,32
uk10_chunk_36.wav,і діти Повстанці проти батьків їх пов,UK,MALE,32
uk5_chunk_54.wav,кажу що кожен хто пускає дружину свою крім провини розпусти,UK,MALE,32
uk11_chunk_23.wav,чи твоє посилаю свого посланця Який перед тобою дорогу твою,UK,MALE,32
uk4_chunk_27.wav,ісая Пророк промовляючи,UK,MALE,32
uk10_chunk_48.wav,що кажу я вам потемки,UK,MALE,32
uk11_chunk_11.wav,і криві,UK,MALE,32
uk10_chunk_34.wav,що маєте ви говорити бо не ви промовляти але,UK,MALE,32
uk9_chunk_68.wav,всяку недугу та неміч,UK,MALE,32
uk5_chunk_43.wav,судді не віддав а суддя щоб прислужником тебе не передав,UK,MALE,32
uk1_chunk_10.wav,Я вже породив нас соне а на сон породив,UK,MALE,32
uk9_chunk_16.wav,Та й каже йому іди за мною той встав і,UK,MALE,32
uk12_chunk_49.wav,я ж тоді він Господу його,UK,MALE,32
uk2_chunk_45.wav,плач і ридання та Голосіння велике,UK,MALE,32
uk1_chunk_17.wav,може породив Йосафата а Йосафат породив,UK,MALE,32
uk6_chunk_6.wav,Хай не знатиме ліва рука твоя що робить правиця твоя щоб та,UK,MALE,32
uk7_chunk_29.wav,впізнаєте їх не кожен хто каже до мене Господи Господи,UK,MALE,32
uk6_chunk_7.wav,була твоя милостиня А отець твій що бачить таємне від,UK,MALE,32
uk4_chunk_22.wav,приступили і служили йому,UK,MALE,32
uk9_chunk_17.wav,услід за ним і сталось як Ісус сидів при столі,UK,MALE,32
uk3_chunk_9.wav,Страна Та мед польовий тоді до нього виходив є,UK,MALE,32
uk12_chunk_41.wav,а він знав думки їхні,UK,MALE,32
uk1_chunk_23.wav,яким породив Японію,UK,MALE,32
uk12_chunk_12.wav,бо син людський Господь і,UK,MALE,32
uk10_chunk_17.wav,до своїх поясів Anny торби в дорогу,UK,MALE,32
uk7_chunk_38.wav,вона камені був Він заснований а кожен хто слухає цих моїх слів та,UK,MALE,32
uk5_chunk_9.wav,миротворці бо вони синами божими стануть Блаженні,UK,MALE,32
uk11_chunk_1.wav,і сталось Коли Ісус перестав навчати 12 своїх,UK,MALE,32
uk12_chunk_18.wav,рятує її як вона впаде в яму в суботу а скільки ж людина,UK,MALE,32
uk1_chunk_29.wav,обзор же породив садока а садок породив,UK,MALE,32
uk10_chunk_58.wav,того перед небесним Отцем моїм визнаю я хто ж мене,UK,MALE,32
uk8_chunk_61.wav,і проситься демони кажучи коли,UK,MALE,32
uk12_chunk_32.wav,він очеретине надлом і не долами,UK,MALE,32
uk10_chunk_22.wav,і коли буде достойний той дім нехай зійде на нього ваш мир,UK,MALE,32
uk2_chunk_17.wav,і пильно розвідано А як знайде,UK,MALE,32
uk7_chunk_11.wav,і відчиняйте вам бо кожен хто просить одержує,UK,MALE,32
uk1_chunk_6.wav,Яків продав юду і братів його,UK,MALE,32
uk1_chunk_38.wav,міста поколінь,UK,MALE,32
uk9_chunk_38.wav,12 літ хворою на кровотечу була приступила ззаду,UK,MALE,32
uk5_chunk_59.wav,землею бо підніми його це Ані Єрусалим,UK,MALE,32
uk12_chunk_70.wav,родом його судять його вони,UK,MALE,32
uk6_chunk_39.wav,ніхто двом панам служити не може бо або одного з ненавидить,UK,MALE,32
uk12_chunk_24.wav,і багато пішло вслід за ним і,UK,MALE,32
uk4_chunk_34.wav,покайтеся бо наблизить Царство небесне,UK,MALE,32
uk6_chunk_8.wav,Тобі явно А як молитися то не будьте як ті лице міри,UK,MALE,32
uk5_chunk_51.wav,скинь від себе бо краще тобі щоб загинув один із твоїх членів,UK,MALE,32
uk2_chunk_58.wav,пророками сказане що він назарянин буде,UK,MALE,32
uk10_chunk_21.wav,дім вітайте його промовляючи мир дому цьому,UK,MALE,32
uk11_chunk_22.wav,більш як пророка бо це ж той що про нього написано Ось перед,UK,MALE,32
uk6_chunk_32.wav,викрадають,UK,MALE,32
uk5_chunk_78.wav,чи поганий начинять отак Отож будьте досконалі як досконалий,UK,MALE,32
uk5_chunk_76.wav,любить то яку нагороду Ви маєте хіба не те саме і митники роблять,UK,MALE,32
uk7_chunk_43.wav,бо навчав він їх як можна владний а не як,UK,MALE,32
uk10_chunk_69.wav,Хто вас приймає приймає мене,UK,MALE,32
uk9_chunk_72.wav,велике та робітників мало тож благати господаря,UK,MALE,32
uk10_chunk_25.wav,обтрушується,UK,MALE,32
uk3_chunk_33.wav,Ісус зараз вийшов із,UK,MALE,32
uk12_chunk_30.wav,проголосити поганим він не буде змагатися,UK,MALE,32
uk4_chunk_25.wav,оселився в капернаум на границі,UK,MALE,32
uk8_chunk_2.wav,і ось підійшов прокаженному та,UK,MALE,32
uk11_chunk_41.wav,в Попелі але кажу вам легше буде дня судного тиру й,UK,MALE,32
uk7_chunk_14.wav,або Коли риби проситиме то подасть йому гадину тож Як ви був,UK,MALE,32
uk6_chunk_28.wav,Вони мають уже нагороду свою А ти коли пости,UK,MALE,32
uk9_chunk_29.wav,до одежі старої ніхто не вставляє латки з сукна сирого,UK,MALE,32
uk7_chunk_1.wav,Не судіть щоб і вас не судили бо яким судом судити будете,UK,MALE,32
uk8_chunk_12.wav,а Сотник йому,UK,MALE,32
uk9_chunk_64.wav,коли таке не траплялося серед Ізраїля,UK,MALE,32
uk1_chunk_28.wav,или Якима породив,UK,MALE,32
uk7_chunk_40.wav,і розлилися річки і Буря знялася,UK,MALE,32
uk6_chunk_0.wav,розділ шостий,UK,MALE,32
uk2_chunk_23.wav,і увійшовши додому знайшли там дитя,UK,MALE,32
uk6_chunk_37.wav,твоє око лихе було то й усе тіло Твоє буде темне Отож,UK,MALE,32
uk9_chunk_57.wav,згідно з вашою вірою і очі відкрилися їм,UK,MALE,32
uk4_chunk_48.wav,А чутка про нього пішла по всій Сирії,UK,MALE,32
uk9_chunk_15.wav,побачив чоловіка наймення Матвія що сидів на митниці,UK,MALE,32
uk7_chunk_22.wav,стережіться фальшивих пророків що приходять до вас у одежі овечі,UK,MALE,32
uk3_chunk_1.wav,тими ж днями приходить Іван хреститель і проповідує,UK,MALE,32
uk12_chunk_2.wav,учні його зголодніли були і стали зривати колосся та їсти,UK,MALE,32
uk9_chunk_65.wav,фарисеї ж казали виганяє він демонів сие,UK,MALE,32
uk8_chunk_63.wav,а він відповів їм ідіть і вийшли вони,UK,MALE,32
uk9_chunk_9.wav,але щоб ви знали що прощати гріхи на землі має владу,UK,MALE,32
uk5_chunk_3.wav,він навчати їх став промовляючи Блаженні вбогі,UK,MALE,32
uk1_chunk_16.wav,авіа породив асафа,UK,MALE,32
uk12_chunk_81.wav,до народу а щось мати й брати його осторонь стали,UK,MALE,32
uk1_chunk_26.wav,ассаль породив зорова,UK,MALE,32
uk3_chunk_21.wav,з водою на покаяння але той хто йде по мені,UK,MALE,32
uk10_chunk_72.wav,тож приймає праведника як праведника,UK,MALE,32
uk5_chunk_39.wav,свого Дара Та тут ти згадаєш що брат твій щось має на тебе,UK,MALE,32
uk10_chunk_24.wav,не прийме і ваших слів не послухає то виходячи з дому чи з міста того,UK,MALE,32
uk2_chunk_40.wav,нього та й розгнівався дуже і послав повторю,UK,MALE,32
uk7_chunk_39.wav,що свій дім збудував,UK,MALE,32
uk1_chunk_9.wav,Арам породив Аміна Дава,UK,MALE,32
uk2_chunk_51.wav,бо вимерли ті хто шукав був душу дитини,UK,MALE,32
uk12_chunk_56.wav,або виростити дерево зле той плід його злий пізнається,UK,MALE,32
uk5_chunk_24.wav,я не руйнувати прийшов але виконати по правді ж кажу вам,UK,MALE,32
uk4_chunk_50.wav,існують і розслаблення,UK,MALE,32
uk12_chunk_82.wav,з ним говорити і сказав хтось йому,UK,MALE,32
uk5_chunk_5.wav,Блаженні лагідні бо землю спад,UK,MALE,32
uk7_chunk_20.wav,і вузька та дорога що веде до життя,UK,MALE,32
uk7_chunk_6.wav,Вийми першу колоду із власного ока а потім побачиш як вийняти,UK,MALE,32
uk10_chunk_50.wav,і не лякайтеся тих хто тіло вбиває а душі,UK,MALE,32
uk12_chunk_50.wav,хто не зо мною той супроти мене і хто не збирає зо мною той,UK,MALE,32
uk2_chunk_43.wav,тоді,UK,MALE,32
uk5_chunk_42.wav,противником швидко мириться доки з ним на дорозі ще ти щоб тебе,UK,MALE,32
uk11_chunk_7.wav,чи ти той хто має прийти чи чекати нам,UK,MALE,32
uk12_chunk_13.wav,звідти прибув він до їхньої синагоги І ото був,UK,MALE,32
uk6_chunk_59.wav,кожний день має досить своєї,UK,MALE,32
uk8_chunk_1.wav,А коли він зійшов із гори услід за ним ішов натовп,UK,MALE,32
uk5_chunk_4.wav,бо їхнє Царство небесне Блаженні засмучені,UK,MALE,32
uk3_chunk_0.wav,розділ,UK,MALE,32
uk3_chunk_30.wav,а Ісус відповів і сказав йому допусти це тепер,UK,MALE,32
uk12_chunk_8.wav,і тим хто був із ним а тільки самим священиком або ви не читали в законі,UK,MALE,32
uk11_chunk_48.wav,розумних та його немовлятам відкрив,UK,MALE,32
uk6_chunk_57.wav,Божого і Правди його А все це вам Дода,UK,MALE,32
uk9_chunk_22.wav,лікаря не потребують здорові а Славі ідіть же і навчіться,UK,MALE,32
uk12_chunk_61.wav,люди дадуть вони відповідь судного дня бо за слів своїх будеш,UK,MALE,32
uk2_chunk_38.wav,із Єгипту покликав я Сина Свого,UK,MALE,32
uk8_chunk_31.wav,сказав був ісая пророк промовляючи він,UK,MALE,32
uk7_chunk_10.wav,Просіть і буде вам дано Шукайте і знайдете,UK,MALE,32
uk5_chunk_23.wav,руйнувати закон чи пророків прийшов,UK,MALE,32
uk6_chunk_10.wav,поправді кажу вам Вони мають уже нагороду свою а ти,UK,MALE,32
uk10_chunk_1.wav,і закликав він 12 своїх учнів і владу їм Да,UK,MALE,32
uk10_chunk_73.wav,як учня кого,UK,MALE,32
uk8_chunk_23.wav,Ісус Сотник іди як повірив ти,UK,MALE,32
uk7_chunk_28.wav,зрубу та вогонь у кидається Отож бо по їхніх плодах,UK,MALE,32
uk10_chunk_57.wav,Отже кожного Хто мене визнає перед людьми,UK,MALE,32
uk8_chunk_40.wav,син же людський немає де й голови при,UK,MALE,32
uk10_chunk_30.wav,стережіться ж людей бо вони нас туди видаватимуть вас,UK,MALE,32
uk3_chunk_7.wav,Іван мав одежу собі з верблюжью,UK,MALE,32
uk2_chunk_8.wav,зібравши всіх первосвященник і людських він,UK,MALE,32
uk5_chunk_45.wav,поки не віддаси тий останнього шелера ви чули що сказано,UK,MALE,32
uk10_chunk_13.wav,але йдіть раніше до овечок загинули дому Ізраїлю а Ходячие,UK,MALE,32
uk12_chunk_66.wav,а Ісус відповів їм рід лукавий і перелюб шука,UK,MALE,32
uk10_chunk_54.wav,без волі отця вашого А вам і волосся Все на голові,UK,MALE,32
uk1_chunk_0.wav,свята Євангелія від Матвія,UK,MALE,32
uk8_chunk_64.wav,і пішли в гурт свиней і ось кинувся скручу до моря,UK,MALE,32
uk12_chunk_39.wav,Давидів фарисеї ж почувши сказали,UK,MALE,32
uk5_chunk_74.wav,що наказує сходити сонцю своєму над злим й над добрими і,UK,MALE,32
uk7_chunk_36.wav,і,UK,MALE,32
uk2_chunk_26.wav,піднесли йому свої,UK,MALE,32
uk12_chunk_62.wav,із-за слів своїх будеш,UK,MALE,32
uk6_chunk_54.wav,Що ми будемо їсти чи що будемо пити або,UK,MALE,32
uk11_chunk_36.wav,своїми,UK,MALE,32
uk4_chunk_39.wav,людей і вони зараз покинули Сіті Та й пішли в,UK,MALE,32
uk10_chunk_3.wav,всіляку недугу та неміч,UK,MALE,32
uk9_chunk_20.wav,сказали до учнів його чому до вчитель ваш їсть,UK,MALE,32
uk10_chunk_28.wav,оце посилаю я,UK,MALE,32
uk5_chunk_20.wav,і світить воно всім у домі,UK,MALE,32
uk12_chunk_21.wav,і стала здорова вона як і друга фарисеї,UK,MALE,32
uk8_chunk_16.wav,своєму,UK,MALE,32
uk1_chunk_15.wav,Соломон же породив раван породи,UK,MALE,32
uk12_chunk_43.wav,і кожне місто чи дім поділені супроти себе не втримається,UK,MALE,32
uk2_chunk_42.wav,і менше за часом що його в мудреців він був,UK,MALE,32
uk8_chunk_55.wav,як прибув він на той бік до землі Гедерин,UK,MALE,32
uk12_chunk_26.wav,його не виявляти щоб справді сказав був,UK,MALE,32
uk10_chunk_27.wav,легше буде країні содом гумор дня судного аніж місто,UK,MALE,32
uk4_chunk_44.wav,та батька свого та й пішли вслід за,UK,MALE,32
uk7_chunk_8.wav,ногами своїми,UK,MALE,32
uk9_chunk_67.wav,навчаючи в їхніх синагога та Євангеліє царства,UK,MALE,32
uk9_chunk_4.wav,будь бадьорий сину прощаються тобі гріхи твої,UK,MALE,32
uk1_chunk_46.wav,Господній у сні промовляючи,UK,MALE,32
uk12_chunk_75.wav,то блукає місцями без відьми відпочинку шукаючи Та не,UK,MALE,32
uk7_chunk_30.wav,увійде в царство небесне але той хто виконує волю мого отця що на небі,UK,MALE,32
uk11_chunk_46.wav,часу навчаючи промовив Ісус,UK,MALE,32
uk2_chunk_48.wav,шкіра умер ось Ангел господній з'явився в Єгипті,UK,MALE,32
uk9_chunk_61.wav,коли ж ті виходили то ось привели до нього чоловіка німого що,UK,MALE,32
uk9_chunk_71.wav,купить пастуха тоді він казав своїм учням,UK,MALE,32
uk3_chunk_15.wav,від гніву майбутнього Отож учинить,UK,MALE,32
uk5_chunk_56.wav,перелюб ще ви чули що було стародавнім наказами,UK,MALE,32
uk9_chunk_32.wav,пропадуть а вливають вино молоде до нових,UK,MALE,32
uk10_chunk_4.wav,Арменія апостолів 12 Отакі перший симо,UK,MALE,32
uk7_chunk_24.wav,із будяків,UK,MALE,32
uk2_chunk_28.wav,спостереження щоб не вертатись до ірода V,UK,MALE,32
uk10_chunk_49.wav,говоріть те при світлі що ж на вухо Ви чуєте,UK,MALE,32
uk10_chunk_46.wav,Скільки ж більше не звуть так домашніх його,UK,MALE,32
uk12_chunk_46.wav,сини ваші тому вони стануть вам суддями А коли ж духом бо,UK,MALE,32
uk6_chunk_21.wav,які ми прощаємо винуватця нашим і не введи нас у випробування,UK,MALE,32
uk8_chunk_22.wav,до темряви зовнішньої буде там плач і скрегіт зубів і,UK,MALE,32
uk9_chunk_47.wav,узяв за руку її і дівчина встала,UK,MALE,32
uk5_chunk_33.wav,підете в царство не,UK,MALE,32
uk6_chunk_9.wav,що люблять ставати і молитися по синагога та на перехрестях щоб їх бачили,UK,MALE,32
uk11_chunk_47.wav,прославляю тебе отче Господи неба і землі,UK,MALE,32
uk6_chunk_22.wav,але визволи нас від лукавого бо твоє є царство,UK,MALE,32
uk7_chunk_18.wav,виходьте тісними ворітьми бо просторі ворота і,UK,MALE,32
uk8_chunk_34.wav,А як угледів Ісус навколо себе багато народу,UK,MALE,32
uk2_chunk_27.wav,золото Ладан та смирно а уві,UK,MALE,32
uk8_chunk_33.wav,і недуги по,UK,MALE,32
uk8_chunk_47.wav,і ось Буря велика зірвалась на морі а що він зачав заливати хви,UK,MALE,32
uk12_chunk_85.wav,Тома Ти моя і хто браття мої і показавши ру,UK,MALE,32
uk9_chunk_0.wav,розділ 9,UK,MALE,32
uk9_chunk_31.wav,старі,UK,MALE,32
uk8_chunk_60.wav,гурт великий,UK,MALE,32
uk8_chunk_38.wav,промовляє до нього Ісус мають нори лисиці,UK,MALE,32
uk4_chunk_4.wav,зголодніли до нього спокус,UK,MALE,32
uk1_chunk_51.wav,а все оце сталось щоб збулося,UK,MALE,32
uk1_chunk_5.wav,Авраам породив Ісаака а Ісаак породив,UK,MALE,32
uk10_chunk_33.wav,Не журіться як або що говорити тієї години буде вам дане,UK,MALE,32
uk1_chunk_47.wav,син Давидів не бійся прийняти Марію,UK,MALE,32
uk5_chunk_11.wav,як ганьбити Та гнати вас будуть і будуть,UK,MALE,32
uk3_chunk_20.wav,буде зрубане та й вогонь буде вкинути,UK,MALE,32
uk1_chunk_7.wav,Юда ш породив феррера від Тамари,UK,MALE,32
uk11_chunk_25.wav,Івана Хрестителя та найменший у царстві небеснім той біль,UK,MALE,32
uk2_chunk_10.wav,у Вифлеємі юдейський був,UK,MALE,32
uk2_chunk_12.wav,не менше нічим ніж засадами юними без тебе,UK,MALE,32
uk10_chunk_6.wav,син зев тайван брат,UK,MALE,32
uk2_chunk_16.wav,він відіслав їх до віфлеєму говорячи,UK,MALE,32
uk5_chunk_70.wav,ви чули що сказано люби свого ближнього і ненавидь свого ворога,UK,MALE,32
uk12_chunk_72.wav,цариця з півдня на суд стане з родом оцим і засудить його,UK,MALE,32
uk5_chunk_15.wav,хіба щоб,UK,MALE,32
uk12_chunk_22.wav,і зібрали нараду на нього Якби його,UK,MALE,32
uk11_chunk_14.wav,і померлі в,UK,MALE,32
uk2_chunk_41.wav,і по всій тій околиці всіх дітей від двох,UK,MALE,32
uk12_chunk_15.wav,запитали його,UK,MALE,32
uk10_chunk_19.wav,поживи А як зайдите в місто якесь чи в село то,UK,MALE,32
uk9_chunk_58.wav,наказав їм суворо говорячи глядіть,UK,MALE,32
uk4_chunk_18.wav,якщо Впадеш і мені ти поклонився,UK,MALE,32
uk10_chunk_65.wav,мене недостойний і хто більш як мене любить сина чи дочку,UK,MALE,32
uk5_chunk_53.wav,дружину свою відпускає нехай дасть їй листа розбудовувати А я,UK,MALE,32
uk8_chunk_13.wav,недостойний я Господи щоб зайшов ти під стріху мою,UK,MALE,32
uk5_chunk_10.wav,за правду бо їхнє Царство небесне,UK,MALE,32
uk11_chunk_5.wav,почувши ж Іван у в'язниці про дії Христові послав через,UK,MALE,32
uk4_chunk_11.wav,бо ж написано,UK,MALE,32
uk12_chunk_55.wav,Ані в майбутньому або виростить дерево добре то й плід його,UK,MALE,32
uk10_chunk_62.wav,відрізнити чоловіка з батьком його дочку з її матір'ю,UK,MALE,32
uk7_chunk_9.wav,і обернувшись щоб не,UK,MALE,32
uk11_chunk_38.wav,що вони не покаявся гори тобі,UK,MALE,32
uk5_chunk_36.wav,набрати свого підпадає вже судові А хто скаже на брата,UK,MALE,32
uk2_chunk_55.wav,боявся піти туди він а уві сні,UK,MALE,32
uk8_chunk_68.wav,і ось усе місто вийшло назустріч Ісусові як його ж,UK,MALE,32
uk4_chunk_42.wav,із Заведи їхнім батьком що лагоди свого него,UK,MALE,32
uk12_chunk_11.wav,Що то є милости хочу а не жертви то ви не судили,UK,MALE,32
uk2_chunk_37.wav,який проїжджа,UK,MALE,32
uk4_chunk_15.wav,знов диявол бере його на висо,UK,MALE,32
uk10_chunk_8.wav,син алфеев і Тадей Симон,UK,MALE,32
uk1_chunk_60.wav,і не знав він її аж Сина Свого первородного,UK,MALE,32
uk12_chunk_83.wav,мати твоя і твої браття стоять он де осторонь і говорити з тобою,UK,MALE,32
uk4_chunk_47.wav,і виздоровлюй всяку недугу і всяку неміч між людьми,UK,MALE,32
uk8_chunk_25.wav,слуга його як прийшов Вже Ісус до Петро дому,UK,MALE,32
uk5_chunk_44.wav,тебе до в'язниці не вкинули по правді кажу тобі не вийдеш із,UK,MALE,32
uk9_chunk_43.wav,з цієї години а Ісус як прибув до Господи Star,UK,MALE,32
uk2_chunk_32.wav,дитятко та матір його і втікає до Єгипту і там зостається аж поки,UK,MALE,32
uk12_chunk_65.wav,хочемо побачити ознаку,UK,MALE,32
uk5_chunk_22.wav,та прославляли отця вашого що на небі не подумайте,UK,MALE,32
uk9_chunk_33.wav,коли він говорив це до них підійшов ось один із,UK,MALE,32
uk8_chunk_65.wav,гурт і потопив,UK,MALE,32
uk1_chunk_48.wav,дружину свою бо зачати в ній то від духа,UK,MALE,32
uk11_chunk_9.wav,ідіть і перекажіть Іванові Що ви чуєте,UK,MALE,32
uk11_chunk_45.wav,землі буде легше дня судного аніж тобі,UK,MALE,32
uk6_chunk_15.wav,ні бо вони будуть вислухає Велес отож не вподобай,UK,MALE,32
uk6_chunk_53.wav,Скільки ж краще одягне він вас малой отож не журіться кажу,UK,MALE,32
uk11_chunk_17.wav,як вони ж відійшли Ісус про Івана почав говорити на,UK,MALE,32
uk1_chunk_49.wav,і вона вродить сина ти ж даси йому ймення,UK,MALE,32
uk4_chunk_31.wav,а тим хто сидів у країні смертельної,UK,MALE,32
uk10_chunk_7.wav,Пилип і варфоломій Хома і митник Матвій,UK,MALE,32
uk9_chunk_63.wav,заговорив і дивувався народ і казав,UK,MALE,32
uk8_chunk_44.wav,іди за мною,UK,MALE,32
uk6_chunk_24.wav,про гріхи їхні то простить і вам ваш Небесний Отець а,UK,MALE,32
uk10_chunk_37.wav,і за ім'я моє будуть усі вас ненавидіти А хто витер,UK,MALE,32
uk11_chunk_8.wav,Ісус же промовив у відповідь,UK,MALE,32
uk7_chunk_35.wav,кожен хто слухає цих моїх слів і виконує їх подібний до чолові,UK,MALE,32
uk9_chunk_37.wav,також учні його І ото одна жінка,UK,MALE,32
uk8_chunk_7.wav,відведи Не розповідай нікому але йди покажи мені,UK,MALE,32
uk5_chunk_52.wav,аніж до гієни все тіло Твоє було вкинути також сказано,UK,MALE,32
uk8_chunk_18.wav,до тих хто йшов услід за ним поправді кажу вам,UK,MALE,32
uk12_chunk_52.wav,проститься людям але Богу зневага на духа не проститься,UK,MALE,32
uk11_chunk_6.wav,своїх щоб його запитати,UK,MALE,32
uk4_chunk_40.wav,і далі Пішовши звідти Він побачив двох інших,UK,MALE,32
uk7_chunk_19.wav,дорога що веде до погибелі і нею багато хто ходять бо тісні ті,UK,MALE,32
uk2_chunk_36.wav,смерти Іро щоб збулося сказане від господа,UK,MALE,32
uk9_chunk_10.wav,каже він розслабленому Уставай V,UK,MALE,32
uk11_chunk_37.wav,Ісус тоді став докоряти містам де відбулося найбільш,UK,MALE,32
uk5_chunk_19.wav,і не запалюють світильника щоб поставити його під посудину але на,UK,MALE,32
uk2_chunk_25.wav,і,UK,MALE,32
uk11_chunk_29.wav,що має прийти хто має вуха нехай слухає,UK,MALE,32
uk4_chunk_3.wav,і постив він 40 день і 40 ночей а в кінці,UK,MALE,32
uk2_chunk_6.wav,Ірод занепокоєння із ним увесь yoru,UK,MALE,32
uk5_chunk_17.wav,ви світло для світу не може сховатися місто що стоїть на верхо,UK,MALE,32
uk12_chunk_80.wav,так буде і лукавому родові цьому коли він іще,UK,MALE,32
uk11_chunk_27.wav,відбувається силою і ті хто вживає зусилля хапають його,UK,MALE,32
uk2_chunk_18.wav,сповідь мене щоб я міг піти і поклонитися,UK,MALE,32
uk12_chunk_28.wav,що я вибрав його Мій улюблений що його Полюби,UK,MALE,32
uk10_chunk_20.wav,аж поки не вийдете а,UK,MALE,32
uk9_chunk_6.wav,Ісус же думки їхні знав,UK,MALE,32
uk9_chunk_39.wav,торкнулась до краю одежі його бо вона говорила про себе,UK,MALE,32
uk12_chunk_44.wav,і коли Сатана сатану виганяє то ділиться супроти себе як,UK,MALE,32
uk5_chunk_57.wav,неправдиво але Виконуй клятви свої перед Господом А я,UK,MALE,32
uk6_chunk_25.wav,ви не будете людям прощати то отець ваш не простить вам про гріхів ваших,UK,MALE,32
uk4_chunk_30.wav,народ що в темноті сидів світло велике,UK,MALE,32
uk12_chunk_27.wav,пророк промовляючи Ото мій отрок,UK,MALE,32
uk4_chunk_14.wav,Ісус відказав йому ще написано не,UK,MALE,32
uk6_chunk_3.wav,Отож коли Чити милостиню не сурми перед себе як то роблять,UK,MALE,32
uk7_chunk_17.wav,щоб чинили вам люди те саме чиніть їм і ви Бо в цьому закон і,UK,MALE,32
uk8_chunk_35.wav,наказав переплив і приступив один книжник,UK,MALE,32
uk11_chunk_18.wav,на що ви ходили в пустиню дивитися чи на очерет що вітер гойдає,UK,MALE,32
uk3_chunk_35.wav,що спускався як голуб і сходив на,UK,MALE,32
uk8_chunk_28.wav,та йому прислугою а коли настав вечір при,UK,MALE,32
uk12_chunk_34.wav,провадить присудок до перемоги і,UK,MALE,32
uk7_chunk_13.wav,У вас є людина що подасть своєму синові каменя коли хліба проситиме він,UK,MALE,32
uk1_chunk_20.wav,породив єсе Київ а єзекіїля,UK,MALE,32
uk5_chunk_35.wav,підпадає він судові А я вам кажу що кожен хто г,UK,MALE,32
uk3_chunk_25.wav,пшеницю свою він збере до засіки а полову попали у вогні нев,UK,MALE,32
uk8_chunk_24.wav,нехай Так тобі і станеться і тієї ж години оду,UK,MALE,32
uk1_chunk_36.wav,і від Давида аж до вавилонського пере,UK,MALE,32
uk12_chunk_60.wav,виносить лихе Кажу ж вам що за кожне слово пусте яке скажу,UK,MALE,32
uk8_chunk_36.wav,та й до нього Сказав учите,UK,MALE,32
uk12_chunk_73.wav,вона з кінця світу прийшла соломоново мудрість послухати а тут,UK,MALE,32
uk11_chunk_31.wav,ми вам грали а ви не танцювали,UK,MALE,32
uk6_chunk_5.wav,Вони мають уже нагороду свою а як Тичини,UK,MALE,32
uk10_chunk_0.wav,розділ 10,UK,MALE,32
uk2_chunk_2.wav,за днів царя ирода то ось мудреці прибули,UK,MALE,32
uk7_chunk_42.wav,як Ісус закінчив ці слова то народ дивувався з науки його,UK,MALE,32
uk11_chunk_54.wav,тихий і серцем покірний і знайдете спокій душам своїм,UK,MALE,32
uk4_chunk_52.wav,із Галілея із Єрусалиму,UK,MALE,32
uk8_chunk_14.wav,промов тільки слово і видужає мій слуга бо я,UK,MALE,32
uk1_chunk_30.wav,ахім породив elli Юда,UK,MALE,32
uk12_chunk_20.wav,і каже тоді чоловікові,UK,MALE,32
uk12_chunk_38.wav,і дивувалися всі люди і казали,UK,MALE,32
uk12_chunk_79.wav,живуть тут і буде остання людині тій here,UK,MALE,32
uk2_chunk_53.wav,землю Ізраїлю та про чув що царює в иудее,UK,MALE,32
uk6_chunk_31.wav,таємне віддасть Тобі явно не складайте скарбів собі на землі,UK,MALE,32
uk6_chunk_1.wav,стережіться виставляти свою милостиню перед людьми щоб бачили вас,UK,MALE,32
uk3_chunk_19.wav,і сокира прикладена кожне ж дерево що доброго плоду,UK,MALE,32
uk7_chunk_4.wav,у власному оці не чуєш або як ти скажеш До брата свого давай,UK,MALE,32
uk9_chunk_70.wav,вони змушені та розподілі як ті вівці що,UK,MALE,32
uk9_chunk_69.wav,А як бачив людей з милосердя він над ними,UK,MALE,32
uk4_chunk_37.wav,що не вода в море закидали бо рибалки були,UK,MALE,32
uk4_chunk_53.wav,ідеї із а your,UK,MALE,32
uk1_chunk_4.wav,сина авра,UK,MALE,32
uk4_chunk_16.wav,і показує йому всі царства на світі та їх,UK,MALE,32
uk5_chunk_14.wav,перед вами Ви Сіль землі коли сіль із вітрів,UK,MALE,32
uk11_chunk_49.wav,бо тобі так було до вподоби,UK,MALE,32
uk4_chunk_20.wav,написано господеві Богові своєму вклоняється і слу,UK,MALE,32
uk1_chunk_33.wav,Йосипа мужа Марії,UK,MALE,32
uk11_chunk_32.wav,Ми співали вам жалібно Та не плакали ви бо прийшов був Іван,UK,MALE,32
uk5_chunk_61.wav,однією волосинки ти не можеш учинити білою чи чорною ваше ж слово хай буде,UK,MALE,32
uk6_chunk_11.wav,коли молишься,UK,MALE,32
uk2_chunk_19.wav,Вони ж царя вислухали і відійшли,UK,MALE,32
uk12_chunk_35.wav,надіятись будуть наймення,UK,MALE,32
uk4_chunk_10.wav,храму та й каже йому,UK,MALE,32
uk11_chunk_33.wav,що не їв і не пив Вони ж кажуть він демона має прийшов,UK,MALE,32
uk1_chunk_25.wav,переселенні єхо породив сала,UK,MALE,32
uk12_chunk_1.wav,того часу Ісус переходив ланами в суботу,UK,MALE,32
uk7_chunk_2.wav,таким же осу вас Якою мірою будете міряти та,UK,MALE,32
uk1_chunk_37.wav,14 поколінь і від вавилонського переселення,UK,MALE,32
uk12_chunk_86.wav,своєю на учнів своїх він промовив ото моя мати,UK,MALE,32
uk8_chunk_32.wav,наші не,UK,MALE,32
uk5_chunk_72.wav,проклинає творіть добро тим хто ненавидить вас і моліться за,UK,MALE,32
uk3_chunk_34.wav,і ось небо розкрив Іван духа,UK,MALE,32
uk8_chunk_39.wav,небесні пта,UK,MALE,32
uk12_chunk_40.wav,демонів не виганяє інакше тільки як Вельзевул,UK,MALE,32
uk5_chunk_41.wav,і тоді Повертайся і приносити за свої,UK,MALE,32
uk8_chunk_51.wav,тоді встав заказав бу,UK,MALE,32
uk11_chunk_30.wav,До кого ж цей рід прирівнявши на ринку,UK,MALE,32
uk1_chunk_32.wav,породив Якова А які,UK,MALE,32
uk5_chunk_34.wav,ви чули що було стародавнім наказами не вбивай А хто вб'є,UK,MALE,32
uk8_chunk_41.wav,а інший із учнів промовив до нього Господи,UK,MALE,32
uk5_chunk_38.wav,підпадає Heyah тому коли принесеш Ти до ж,UK,MALE,32
uk6_chunk_36.wav,як око твоє буде здорове то й усе тіло Твоє буде світле А коли,UK,MALE,32
uk3_chunk_2.wav,пустині юдейський Та й каже покайтесь,UK,MALE,32
uk5_chunk_27.wav,з найменших цих заповідей та й людей так,UK,MALE,32
uk8_chunk_15.wav,підвладна і вояків під собою Я маю і одному кажу піти,UK,MALE,32
uk12_chunk_33.wav,да до гаса не погасить поки,UK,MALE,32
uk6_chunk_12.wav,і Помолися оце своєму щоб тайні А отець,UK,MALE,32
uk9_chunk_59.wav,ніхто не довідався про це А вони відійшли та й,UK,MALE,32
uk9_chunk_11.wav,Боже своє Та йди у свій дім той устав і,UK,MALE,32
uk8_chunk_9.wav,наумов пішов то до нього наблизився Сотник,UK,MALE,32
uk1_chunk_59.wav,Ангел господній і прийняв він дружину свою,UK,MALE,32
uk3_chunk_3.wav,наблизить,UK,MALE,32
uk5_chunk_75.wav,коли бо ви любите тих,UK,MALE,32
uk6_chunk_33.wav,складайте собі Скарби на небі день міль ні іржа їх не нищить,UK,MALE,32
uk4_chunk_35.wav,проходив вже він поблизу Галілей то побачив двох,UK,MALE,32
uk3_chunk_27.wav,щоб хреститись від нього але,UK,MALE,32
uk4_chunk_36.wav,Симона що зветься Петром та Андрієм його,UK,MALE,32
uk12_chunk_53.wav,як скаже хто слово на людського сина то йому проститься те а,UK,MALE,32
uk7_chunk_33.wav,ім'ям твоїм чуда великі творили і їм оголошує тоді я,UK,MALE,32
uk10_chunk_42.wav,араб понад пана,UK,MALE,32
uk9_chunk_51.wav,змилуйся над,UK,MALE,32
uk6_chunk_23.wav,сила і слава навіки амінь бо як людям ви,UK,MALE,32
uk1_chunk_8.wav,фарес вже породив с Рома Айс Ром породив,UK,MALE,32
uk12_chunk_9.wav,що в суботу священики порушують суботу у храмі і невинні вони,UK,MALE,32
